ID,Name,Age,Gender,DateOfBirth,Salary
1,Person 1,22,Female,1996-03-20,91023
2,Person 2,42,Female,1976-07-22,53415
3,Person 3,34,Female,1992-04-10,92881
4,Person 4,58,Male,2016-10-29,31087
5,Person 5,29,Female,2020-01-01,47814
6,Person 6,55,Female,2009-11-05,97393
7,Person 7,44,Female,2002-12-02,55816
8,Person 8,22,Female,2010-12-02,92250
9,Person 9,40,Male,1986-03-16,61593
10,Person 10,30,Male,2004-07-25,63219
11,Person 11,42,Female,2001-07-23,94732
12,Person 12,39,Female,1990-07-22,91216
13,Person 13,54,Male,2021-05-27,86299
14,Person 14,70,Female,1984-09-21,48291
15,Person 15,60,Male,2003-05-30,59212
16,Person 16,49,Female,1974-01-01,63143
17,Person 17,24,Female,2001-03-02,38593
18,Person 18,36,Male,1977-10-05,69675
19,Person 19,69,Female,2018-10-31,46289
20,Person 20,68,Male,1976-09-27,97547
21,Person 21,44,Male,2016-03-03,53898
22,Person 22,35,Female,2001-05-21,79676
23,Person 23,25,Male,2021-05-31,80793
24,Person 24,23,Female,2020-07-22,99411
25,Person 25,62,Male,1983-09-04,63126
26,Person 26,45,Female,1989-04-01,74266
27,Person 27,49,Male,2011-08-13,45346
28,Person 28,43,Male,1981-02-11,62113
29,Person 29,28,Female,2002-12-10,86589
30,Person 30,23,Male,1981-04-15,47436
31,Person 31,42,Male,2020-07-15,47935
32,Person 32,46,Male,2014-04-07,87749
33,Person 33,46,Male,1996-08-08,42208
34,Person 34,34,Male,1992-06-02,89098
35,Person 35,62,Male,2009-01-06,82526
36,Person 36,69,Male,2001-10-10,67669
37,Person 37,30,Female,2011-11-03,45942
38,Person 38,32,Male,2019-12-08,33685
39,Person 39,37,Female,1989-06-16,73409
40,Person 40,64,Female,2020-12-04,95253
41,Person 41,48,Male,1978-12-10,95653
42,Person 42,42,Female,2003-12-12,79993
43,Person 43,55,Female,2006-11-18,56354
44,Person 44,26,Male,2012-06-20,79769
45,Person 45,51,Female,2004-09-18,55384
46,Person 46,64,Female,2020-05-23,75710
47,Person 47,49,Male,1991-07-31,37720
48,Person 48,68,Male,2001-09-13,53846
49,Person 49,54,Female,2018-10-04,63431
50,Person 50,60,Male,1990-05-02,93202
51,Person 51,51,Male,2009-08-05,65050
52,Person 52,49,Male,1973-03-23,94289
53,Person 53,42,Female,2014-04-03,75571
54,Person 54,32,Male,1976-08-02,85896
55,Person 55,32,Female,2007-07-28,38611
56,Person 56,54,Male,2007-04-07,36034
57,Person 57,70,Male,1981-03-22,89595
58,Person 58,37,Male,1986-03-06,69495
59,Person 59,32,Male,1989-02-05,69867
60,Person 60,50,Female,2015-09-24,41369
61,Person 61,31,Male,2008-03-16,54908
62,Person 62,67,Male,2008-08-31,58136
63,Person 63,29,Female,2019-03-16,55093
64,Person 64,41,Male,2023-01-26,94778
65,Person 65,70,Female,2004-03-12,33479
66,Person 66,61,Male,1991-03-04,77121
67,Person 67,37,Male,1973-03-19,74440
68,Person 68,60,Female,1980-08-10,92333
69,Person 69,45,Female,2016-03-30,75853
70,Person 70,60,Male,2018-05-29,84733
71,Person 71,57,Male,2008-04-22,36053
72,Person 72,44,Male,2017-12-12,79870
73,Person 73,67,Female,2017-10-09,43899
74,Person 74,63,Female,2021-03-31,69647
75,Person 75,51,Female,2014-05-31,56596
76,Person 76,27,Female,1974-06-25,79512
77,Person 77,28,Female,2014-05-14,31091
78,Person 78,43,Male,1985-11-25,98938
79,Person 79,40,Male,2021-09-19,97193
80,Person 80,66,Male,2016-10-16,85597
81,Person 81,39,Male,2022-10-18,86193
82,Person 82,65,Male,1990-04-21,46677
83,Person 83,40,Male,1980-04-06,55764
84,Person 84,22,Male,1997-10-17,43423
85,Person 85,24,Female,1984-08-01,53338
86,Person 86,65,Male,1994-08-06,57296
87,Person 87,69,Female,2011-01-12,65923
88,Person 88,43,Male,2015-12-25,51782
89,Person 89,39,Female,1998-04-15,57459
90,Person 90,56,Female,2002-07-09,92791
91,Person 91,32,Male,1992-08-08,81749
92,Person 92,25,Male,1998-09-13,34297
93,Person 93,30,Female,1984-09-05,34583
94,Person 94,51,Female,1998-10-09,53535
95,Person 95,41,Male,2009-10-23,93842
96,Person 96,31,Male,2008-04-12,71035
97,Person 97,27,Female,2005-01-28,52122
98,Person 98,37,Male,1980-05-02,40516
99,Person 99,63,Female,2005-07-13,58287
100,Person 100,37,Female,2001-02-13,95858
